Table S1 Genotypes of Bradyrhizobium isolates,,,,,,
Full Strain name,Year,Plant Collection Site,glnII Haplotype,recA Haplotype,nodZ haplotype,nolL haplotype
05LoS1_2,2005,BMR,G01,R01,Z28,L38
05LoS1_3,2005,BMR,G01,R01,Z01,L01
05LoS1_4,2005,BMR,G01,R01,Z01,L01
05LoS1_5,2005,BMR,G107,R02,Z29,L02
05LoS1_6,2005,BMR,G01,R01,Z01,L01
05LoS1_7,2005,BMR,G02,R98,Z01,L03
05LoS1_8,2005,BMR,G03,R01,Z02,L04
05LoS11_1,2005,BMR,G03,R03,Z02,L08
05LoS11_14,2005,BMR,G03,R01,Z01,L09
05LoS11_15,2005,BMR,G03,R01,Z01,L09
05LoS11_5,2005,BMR,G03,R01,Z01,L09
05LoS13_4,2005,BMR,G01,R01,Z01,L01
05LoS13_5,2005,BMR,G03,R01,Z05,L04
05LoS13_8,2005,BMR,G03,R01,Z05,L04
05LoS14_1,2005,BMR,G05,R02,Z01,L07
05LoS14_10,2005,BMR,G03,R01,Z01,L04
05LoS14_11,2005,BMR,G02,R02,Z01,L02
05LoS14_12,2005,BMR,G05,R02,Z01,L07
05LoS14_13,2005,BMR,G05,R02,Z01,L07
05LoS14_14,2005,BMR,G05,R02,Z01,L07
05LoS14_15,2005,BMR,G05,R02,Z01,L07
05LoS14_2,2005,BMR,G05,R02,Z01,L07
05LoS14_3,2005,BMR,G05,R02,Z03,L07
05LoS14_4,2005,BMR,G02,R02,Z01,L02
05LoS14_5,2005,BMR,G05,R02,Z01,X
05LoS14_6,2005,BMR,G05,R02,Z01,L07
05LoS14_7,2005,BMR,G05,R02,Z31,L07
05LoS14_8,2005,BMR,G05,R02,Z01,L07
05LoS14_9,2005,BMR,G05,R02,Z01,L07
05LoS14R12_37,2005,BMR,G03,R01,n/a,n/a
05LoS16_1,2005,BMR,G02,R02,Z01,L03
05LoS16_10,2005,BMR,G04,R01,Z04,L06
05LoS16_11,2005,BMR,G03,R01,Z01,L04
05LoS16_12,2005,BMR,G03,R01,Z05,L07
05LoS16_13,2005,BMR,G05,R02,Z01,L07
05LoS16_14,2005,BMR,G03,R08,Z05,L40
05LoS16_15,2005,BMR,G05,R02,Z01,L07
05LoS16_16,2005,BMR,G05,R02,Z01,L07
05LoS16_17,2005,BMR,G01,R01,Z02,L04
05LoS16_18,2005,BMR,G03,R01,Z05,L04
05LoS16_19,2005,BMR,G05,R02,Z01,L01
05LoS16_2,2005,BMR,G05,R02,Z01,L07
05LoS16_3,2005,BMR,G05,R02,Z01,L04
05LoS16_6,2005,BMR,G05,R02,Z01,L07
05LoS16_7,2005,BMR,G04,R01,Z04,L06
05LoS16_8,2005,BMR,G01,R01,Z02,L04
05LoS16_9,2005,BMR,G03,R01,Z05,L04
05LoS16R1_16,2005,BMR,G01,R01,n/a,n/a
05LoS16R10_32,2005,BMR,G05,R02,n/a,n/a
05LoS16R10_36,2005,BMR,G02,R02,n/a,n/a
05LoS16R12_38,2005,BMR,G05,R02,n/a,n/a
05LoS16R2_19,2005,BMR,G03,R01,n/a,n/a
05LoS16R2_20,2005,BMR,G05,R02,n/a,n/a
05LoS2_2,2005,BMR,G04,R99,Z01,L05
05LoS2_3,2005,BMR,G04,R03,Z03,L05
05LoS20_1,2005,BMR,G03,R01,Z05,L04
05LoS20_2,2005,BMR,G03,R01,Z05,L04
05LoS20_3,2005,BMR,G03,R01,Z05,L04
05LoS20_4,2005,BMR,G03,R01,Z17,L04
05LoS20_5,2005,BMR,G03,R01,Z01,L04
05LoS20_6,2005,BMR,G03,R01,Z05,L04
05LoS20_8,2005,BMR,G03,R03,Z02,L08
05LoS20R5_43,2005,BMR,G01,R01,n/a,n/a
05LoS21_1,2005,BMR,G01,R01,Z01,L07
05LoS21_2,2005,BMR,G01,R01,Z01,L01
05LoS21_3,2005,BMR,G03,R01,Z01,L01
05LoS21_4,2005,BMR,G01,R01,Z01,L01
05LoS21R5_36,2005,BMR,G02,R02,n/a,n/a
05LoS21R6_43,2005,BMR,G117,R01,n/a,n/a
05LoS22_1,2005,BMR,G03,R01,Z05,L41
05LoS22_10,2005,BMR,G03,R03,Z02,L09
05LoS22_11,2005,BMR,G01,R01,Z01,L08
05LoS22_12,2005,BMR,G03,R01,Z32,L09
05LoS22_13,2005,BMR,G03,R03,Z02,L08
05LoS22_2,2005,BMR,G01,R01,Z01,L01
05LoS22_3,2005,BMR,G01,R119,Z01,L04
05LoS22_4,2005,BMR,G01,R01,Z01,L01
05LoS22_5,2005,BMR,G03,R01,Z05,L01
05LoS22_6,2005,BMR,G03,R01,Z02,L09
05LoS22_7,2005,BMR,G01,R01,Z01,L09
05LoS22_8,2005,BMR,G01,R01,Z01,L01
05LoS22_9,2005,BMR,G118,R01,Z02,L09
05LoS22R2_10,2005,BMR,G01,R01,n/a,n/a
05LoS22R2_9,2005,BMR,G03,R01,n/a,n/a
05LoS22R3_12,2005,BMR,G03,R01,n/a,n/a
05LoS22R3_14,2005,BMR,G03,R01,n/a,n/a
05LoS22R3_16,2005,BMR,G03,R01,n/a,n/a
05LoS22R5_22,2005,BMR,G03,R01,n/a,n/a
05LoS22R5_23,2005,BMR,G03,R01,n/a,n/a
05LoS22R5_24,2005,BMR,G03,R01,n/a,n/a
05LoS22R7_31,2005,BMR,G03,R01,n/a,n/a
05LoS22R7_33,2005,BMR,G03,R01,n/a,n/a
05LoS22R8_36,2005,BMR,G03,R01,n/a,n/a
05LoS23_10,2005,BMR,G12,R01,Z02,L09
05LoS23_11,2005,BMR,G03,R01,Z01,L01
05LoS23_12,2005,BMR,G01,R01,Z02,L09
05LoS23_2,2005,BMR,G03,R01,Z01,L09
05LoS23_3,2005,BMR,G03,R01,Z18,L09
05LoS23_5,2005,BMR,G03,R01,Z02,L09
05LoS23_6,2005,BMR,G03,R01,Z02,L09
05LoS23_7,2005,BMR,G03,R01,Z02,L09
05LoS23_8,2005,BMR,G03,R01,Z02,L09
05LoS23_9,2005,BMR,G03,R01,Z02,L09
05LoS23R4_50,2005,BMR,G03,R01,n/a,n/a
05LoS23R4_51,2005,BMR,G03,R01,n/a,n/a
05LoS23R5_3,2005,BMR,G03,R01,n/a,n/a
05LoS23R5_4,2005,BMR,G03,R01,n/a,n/a
05LoS23R7_12,2005,BMR,G03,R01,n/a,n/a
05LoS23R8_14,2005,BMR,G03,R01,n/a,n/a
05LoS24_1,2005,BMR,G03,R01,Z01,L10
05LoS24_2,2005,BMR,G03,R01,Z01,L10
05LoS24_3,2005,BMR,G03,R01,Z01,L10
05LoS24_5,2005,BMR,G03,R01,Z01,L04
05LoS24_6,2005,BMR,G03,R01,Z01,L10
05LoS24R3_28,2005,BMR,G14,R14,n/a,n/a
05LoS25_1,2005,BMR,G03,R01,Z01,L10
05LoS25_10,2005,BMR,G03,R01,Z01,L10
05LoS25_2,2005,BMR,G03,R01,Z01,L10
05LoS25_3,2005,BMR,G03,R01,Z01,L10
05LoS25_4,2005,BMR,G03,R01,Z01,L10
05LoS25_5,2005,BMR,G03,R01,Z01,L10
05Los25_6,2005,BMR,G03,R01,Z01,L10
05LoS25_7,2005,BMR,G03,R01,Z01,L10
05LoS25_8,2005,BMR,G03,R01,Z01,L10
05LoS25_9,2005,BMR,G03,R01,Z01,L10
05LoS25R2_13,2005,BMR,G03,R01,n/a,n/a
05LoS3_1,2005,BMR,G04,R01,Z04,L06
05LoS3_3,2005,BMR,G106,R04,Z30,L39
05LoS3_4,2005,BMR,G106,R04,Z02,L07
05LoS4_2,2005,BMR,G03,R01,Z02,L07
05LoS4_3,2005,BMR,G03,R01,Z02,L07
05LoS7_3,2005,BMR,G03,R01,Z05,L04
05LoS7_4,2005,BMR,G03,R05,Z17,L04
05LoS7_9,2005,BMR,G03,R01,Z02,L04
05LoS8_1,2005,BMR,G03,R01,Z02,L04
05LoS8_14,2005,BMR,G03,R01,Z01,L04
05LoS8_7,2005,BMR,G03,R01,Z02,L04
09LoS35_1,2009,UCR,G03,R01,Z06,L11
09LoS35_2,2009,UCR,G03,R01,Z06,L42
09LoS35_3,2009,UCR,G03,R01,Z06,L11
09LoS35_4,2009,UCR,G03,R01,Z06,L11
09LoS35_5,2009,UCR,G03,R01,Z22,L12
09LoS35_6,2009,UCR,G03,R01,Z02,L04
09LoS35R20_38,2009,UCR,G03,R01,n/a,n/a
09LoS36_1,2009,UCR,G03,R07,Z02,L04
09LoS36_2,2009,UCR,G01,R03,Z22,L04
09LoS36_3,2009,UCR,G03,R159,Z07,L04
09LoS36_4,2009,UCR,G40,R19,Z13,L43
09LoS37_1,2009,UCR,G01,R03,Z02,L12
09LoS37_2,2009,UCR,G03,R01,Z02,L04
09LoS38_1,2009,UCR,G03,R01,Z02,L04
09LoS38_2,2009,UCR,G03,R01,Z02,L04
09LoS38_3,2009,UCR,G03,R01,Z02,L04
09LoS38R12_17,2009,UCR,G04,R07,n/a,n/a
09LoS38R4_1,2009,UCR,G58,R27,n/a,n/a
09LoS38R4_7,2009,UCR,G59,R21,n/a,n/a
09LoS39_1,2009,UCR,G03,R01,Z02,L04
09LoS39_2,2009,UCR,G03,R01,Z06,L11
09LoS39R8_26,2009,UCR,G03,R01,n/a,n/a
11LoS13_1,2011,CLA,G03,R34,Z02,L15
11LoS13_3,2011,CLA,G03,R08,Z02,L04
11LoS13_4,2011,CLA,G11,R07,Z02,L04
11LoS14_2,2011,CLA,G03,R01,Z01,L04
11LoS14_3,2011,CLA,G71,R32,Z43,L16
11LoS14_4,2011,CLA,G03,R01,Z01,L04
11LoS14_5,2011,CLA,G03,R01,Z02,L15
11LoS15_1,2011,CLA,G11,R05,Z19,L08
11LoS15_2,2011,CLA,G11,R05,Z19,L08
11LoS17_1,2011,CLA,G11,R05,Z11,L08
11LoS17_10,2011,CLA,G11,R07,Z02,L04
11LoS17_11,2011,CLA,G11,R01,Z01,L26
11LoS17_12,2011,CLA,G72,R01,Z02,L04
11LoS17_2,2011,CLA,G11,R01,Z01,L26
11LoS17_3,2011,CLA,G03,R01,Z44,L53
11LoS17_4,2011,CLA,G03,R03,Z02,L15
11LoS17_5,2011,CLA,G11,R01,Z02,L15
11LoS17_6,2011,CLA,G11,R01,Z01,L26
11LoS17_7,2011,CLA,G03,R07,Z01,L27
11LoS17_8,2011,CLA,G216,R01,Z01,L26
11LoS17_9,2011,CLA,G03,R01,Z18,L04
11LoS18_1,2011,CLA,G11,R01,Z03,L54
11LoS18_2,2011,CLA,G11,R01,Z01,L55
11LoS18_3,2011,CLA,G03,R01,Z02,L08
11LoS18_4,2011,CLA,G03,R01,Z02,L04
11LoS18_5,2011,CLA,G03,R01,Z02,L15
11LoS18_6,2011,CLA,G03,R07,Z01,L27
11LoS18_7,2011,CLA,G11,R01,Z02,L04
11LoS27_1,2011,CLA,G03,R01,Z01,L04
11LoS27_2,2011,CLA,G71,R32,Z20,L16
11LoS27_3,2011,CLA,G03,R01,Z01,L04
11LoS28_2,2011,CLA,G03,R01,Z01,L04
11LoS28_4,2011,CLA,G03,R01,Z01,L04
11LoS28_6,2011,CLA,G03,R01,Z47,L04
11LoS28_7,2011,CLA,G03,R01,Z01,L04
11LoS29_1,2011,CLA,G71,R212,Z20,L16
11LoS29_10,2011,CLA,G222,R01,Z48,L04
11LoS29_7,2011,CLA,G76,R01,Z01,L04
11LoS29_8,2011,CLA,G03,R01,Z01,L04
11LoS29_9,2011,CLA,G03,R01,Z01,L04
11LoS30_2,2011,CLA,G03,R01,Z07,L04
11LoS31_1,2011,ANZ,G62,R03,Z13,L18
11LoS31_2,2011,ANZ,G90,R27,Z15,L32
11LoS31_3,2011,ANZ,G62,R19,Z13,L18
11LoS31_4,2011,ANZ,G90,R27,Z15,L32
11LoS31_5,2011,ANZ,G223,R213,Z49,L25
11LoS31_6,2011,ANZ,G75,R19,Z14,L22
11LoS32_1,2011,ANZ,G40,R19,Z13,L64
11LoS32_2,2011,ANZ,G40,R19,Z13,L33
11LoS32_3,2011,ANZ,G62,R19,Z13,L18
11LoS33_1,2011,YUC,G40,R38,Z15,L34
11LoS33_2,2011,YUC,G40,R38,Z50,L18
11LoS33_3,2011,YUC,G40,R38,Z15,L34
11LoS33_4,2011,YUC,G62,R19,Z13,L18
11LoS33_5,2011,YUC,G40,R38,Z13,X
11LoS34_1,2011,YUC,G40,R38,Z15,L34
11LoS34_10,2011,YUC,G03,R01,Z02,L07
11LoS34_2,2011,YUC,G11,R07,Z02,L04
11LoS34_3,2011,YUC,G11,R07,Z02,L04
11LoS34_4,2011,YUC,G03,R01,Z02,L04
11LoS34_5,2011,YUC,G03,R01,Z02,L04
11LoS34_6,2011,YUC,G03,R01,Z02,L07
11LoS34_7,2011,YUC,G03,R01,Z02,L07
11LoS34_8,2011,YUC,G03,R01,Z02,L07
11LoS34_9,2011,YUC,G03,R01,Z02,L07
12LoS10_1,2012,CLA,G03,R01,Z02,L04
12LoS11_1,2012,CLA,G11,R01,Z16,L04
12LoS12_1,2012,CLA,G11,R01,Z16,L04
12LoS13_1,2012,CLA,G03,R01,Z02,L36
12LoS13_2,2012,CLA,G03,R01,Z02,L36
12LoS14_1,2012,CLA,G03,R01,Z02,L04
12LoS14_2,2012,CLA,G27,R03,Z02,L07
12LoS15_1,2012,CLA,G11,R05,Z55,L04
12LoS15_2,2012,CLA,G11,R01,Z02,L12
12LoS15_3,2012,CLA,G03,R01,Z02,L04
12LoS15_4,2012,CLA,G03,R01,Z02,L04
12LoS16_1,2012,CLA,G71,R32,Z08,L16
12LoS16_2,2012,CLA,G71,R32,Z08,L16
12LoS16_3,2012,CLA,G71,R32,Z21,L16
12LoS16_4,2012,CLA,G71,R32,Z21,L16
12LoS16_5,2012,CLA,G228,R32,Z56,L16
12LoS16_6,2012,CLA,G71,R32,Z57,L16
12LoS17_1,2012,CLA,G71,R32,Z11,L16
12LoS17_2,2012,CLA,G71,R32,Z58,L16
12LoS17_3,2012,CLA,G71,R32,Z08,L16
12LoS17_4,2012,CLA,G71,R32,Z11,L16
12LoS18_1,2012,CLA,G11,R01,Z02,L04
12LoS19_2,2012,CLA,G04,R03,Z01,L69
12LoS19_3,2012,CLA,G03,R01,Z02,L04
12LoS19_4,2012,CLA,G03,R07,Z02,L70
12LoS19_5,2012,CLA,G03,R01,Z02,L04
12LoS20_1,2012,ANZ,G58,R27,Z15,L37
12LoS20_10,2012,ANZ,G58,R27,Z10,L71
12LoS20_2,2012,ANZ,G58,R34,Z15,L24
12LoS20_3,2012,ANZ,G58,R27,Z15,L37
12LoS20_5,2012,ANZ,G58,R34,Z15,L28
12LoS20_6,2012,ANZ,G58,R34,Z15,L24
12LoS20_7,2012,ANZ,G58,R34,Z15,L24
12LoS20_8,2012,ANZ,G58,R34,Z15,L24
12LoS20_9,2012,ANZ,G58,R34,Z15,L24
12LoS21_1,2012,ANZ,G58,R27,Z15,L24
12LoS21_10,2012,ANZ,G58,R34,Z15,L24
12LoS21_11,2012,ANZ,G58,R27,Z13,L72
12LoS21_12,2012,ANZ,G58,R222,Z25,L21
12LoS21_13,2012,ANZ,G58,R27,Z13,L73
12LoS21_14,2012,ANZ,G58,R27,Z53,L18
12LoS21_15,2012,ANZ,G58,R27,Z13,L18
12LoS21_16,2012,ANZ,G58,R27,Z10,L24
12LoS21_17,2012,ANZ,G58,R27,Z10,L21
12LoS21_18,2012,ANZ,G58,R34,Z15,L24
12LoS21_2,2012,ANZ,G58,R221,Z10,L21
12LoS21_20,2012,ANZ,G58,R27,Z10,L24
12LoS21_21,2012,ANZ,G58,R27,Z10,L24
12LoS21_22,2012,ANZ,G58,R27,n/a,n/a
12LoS21_23,2012,ANZ,G58,R27,Z10,L24
12LoS21_24,2012,ANZ,G58,R27,Z10,L24
12LoS21_25,2012,ANZ,G58,R223,Z15,L24
12LoS21_26,2012,ANZ,G58,R27,Z13,L18
12LoS21_27,2012,ANZ,G58,R27,Z15,L37
12LoS21_3,2012,ANZ,G58,R27,Z25,L21
12LoS21_4,2012,ANZ,G58,R27,Z13,L33
12LoS21_5,2012,ANZ,G58,R27,Z13,L23
12LoS21_6,2012,ANZ,G58,R27,Z13,L18
12LoS21_7,2012,ANZ,G58,R34,Z15,L24
12LoS21_8,2012,ANZ,G58,R27,Z10,L24
12LoS21_9,2012,ANZ,G58,R27,Z10,L24
12LoS9_1,2012,CLA,G03,R01,Z54,L04
13LoS1_1,2013,GRI ,G40,R38,n/a,n/a
13LoS1_2,2013,GRI ,G40,R38,n/a,n/a
13LoS1_3,2013,GRI ,G40,R38,n/a,n/a
13LoS10_2,2013,GRI ,G40,R19,n/a,n/a
13LoS10_3,2013,GRI ,G40,R38,n/a,n/a
13LoS10_4,2013,GRI ,G40,R38,n/a,n/a
13LoS10_5,2013,GRI ,G40,R38,n/a,n/a
13LoS11_1,2013,GRI ,G40,R38,n/a,n/a
13LoS11_2,2013,GRI ,G40,R38,n/a,n/a
13LoS11_3,2013,GRI ,G40,R38,n/a,n/a
13LoS11_4,2013,GRI ,G40,R38,n/a,n/a
13LoS11_5,2013,GRI ,G40,R38,n/a,n/a
13LoS116_1,2013,YUC,G03,R01,n/a,n/a
13LoS116_2,2013,YUC,G03,R01,n/a,n/a
13LoS116_3,2013,YUC,G03,R01,n/a,n/a
13LoS116_4,2013,YUC,G03,R01,n/a,n/a
13LoS117_1,2013,YUC,G03,R01,n/a,n/a
13LoS117_2,2013,YUC,G03,R01,n/a,n/a
13LoS117_3,2013,YUC,G03,R01,n/a,n/a
13LoS117_4,2013,YUC,G03,R01,n/a,n/a
13LoS117_5,2013,YUC,G03,R01,n/a,n/a
13LoS117_6,2013,YUC,G03,R01,n/a,n/a
13LoS117_7,2013,YUC,G03,R01,n/a,n/a
13LoS118_1,2013,YUC,G11,R07,n/a,n/a
13LoS118_3,2013,YUC,G11,R07,n/a,n/a
13LoS118_4,2013,YUC,G11,R07,n/a,n/a
13LoS119_1,2013,YUC,G03,R01,n/a,n/a
13LoS119_2,2013,YUC,G03,R01,n/a,n/a
13LoS119_3,2013,YUC,G03,R01,n/a,n/a
13LoS12_1,2013,GRI ,G40,R38,n/a,n/a
13LoS12_2,2013,GRI ,G40,R38,n/a,n/a
13LoS12_4,2013,GRI ,G40,R38,n/a,n/a
13LoS120_1,2013,YUC,G11,R07,n/a,n/a
13LoS120_2,2013,YUC,G11,R07,n/a,n/a
13LoS120_3,2013,YUC,G03,R01,n/a,n/a
13LoS120_4,2013,YUC,G03,R01,n/a,n/a
13LoS120_5,2013,YUC,G11,R07,n/a,n/a
13LoS120_7,2013,YUC,G11,R07,n/a,n/a
13LoS120_8,2013,YUC,G03,R01,n/a,n/a
13LoS13_1,2013,GRI ,G40,R38,n/a,n/a
13LoS13_2,2013,GRI ,G40,R38,n/a,n/a
13LoS13_3,2013,GRI ,G40,R38,n/a,n/a
13LoS13_4,2013,GRI ,G40,R38,n/a,n/a
13LoS13_5,2013,GRI ,G40,R38,n/a,n/a
13Los13_6,2013,GRI ,G40,R38,n/a,n/a
13LoS14_1,2013,GRI ,G11,R07,n/a,n/a
13LoS14_2,2013,GRI ,G40,R19,Z53,L18
13LoS14_3,2013,GRI ,G40,R19,n/a,n/a
13LoS14_4,2013,GRI ,G40,R84,n/a,n/a
13LoS15_1,2013,GRI ,G91,R225,Z12,L77
13LoS16_1,2013,GRI ,G40,R38,n/a,n/a
13LoS16_2,2013,GRI ,G11,R07,n/a,n/a
13LoS16_4,2013,GRI ,G229,R226,Z61,L78
13LoS17_1,2013,GRI ,G40,R38,n/a,n/a
13LoS17_2,2013,GRI ,G40,R38,n/a,n/a
13LoS18_1,2013,GRI ,G40,R38,n/a,n/a
13LoS18_2,2013,GRI ,G40,R38,n/a,n/a
13LoS18_3,2013,GRI ,G230,R227,L62,L79
13LoS19_2,2013,UCR,G95,R01,n/a,n/a
13LoS19_3,2013,UCR,G03,R58,n/a,n/a
13LoS2_1,2013,GRI ,G40,R84,n/a,n/a
13LoS2_2,2013,GRI ,G40,R38,n/a,n/a
13LoS2_3,2013,GRI ,G11,R07,n/a,n/a
13LoS2_4,2013,GRI ,G40,R38,n/a,n/a
13LoS2_5,2013,GRI ,G40,R38,n/a,n/a
13LoS2_6,2013,GRI ,G40,R38,n/a,n/a
13LoS21_1,2013,UCR,G03,R01,n/a,n/a
13LoS21_2,2013,UCR,G11,R01,n/a,n/a
13LoS21_3,2013,UCR,G03,R01,n/a,n/a
13LoS22_1,2013,UCR,G11,R01,n/a,n/a
13LoS24_3,2013,UCR,G11,R01,n/a,n/a
13LoS26_1,2013,UCR,G03,R01,n/a,n/a
13LoS27_1,2013,UCR,G03,R01,n/a,n/a
13LoS27_2,2013,UCR,G03,R01,n/a,n/a
13LoS28_1,2013,UCR,G11,R07,n/a,n/a
13LoS28_2,2013,UCR,G11,R07,n/a,n/a
13LoS28_3,2013,UCR,G11,R07,n/a,n/a
13LoS29_1,2013,UCR,G03,R01,n/a,n/a
13LoS29_2,2013,UCR,G03,R07,n/a,n/a
13LoS29_3,2013,UCR,G11,R07,n/a,n/a
13LoS29_4,2013,UCR,G03,R01,n/a,n/a
13LoS3_1,2013,GRI ,G40,R38,n/a,n/a
13LoS3_2,2013,GRI ,G40,R38,n/a,n/a
13LoS3_3,2013,GRI ,G40,R38,n/a,n/a
13LoS3_4,2013,GRI ,G40,R38,n/a,n/a
13LoS3_5,2013,GRI ,G40,R38,n/a,n/a
13LoS30_1,2013,UCR,G03,R228,n/a,n/a
13LoS30_2,2013,UCR,G03,R01,n/a,n/a
13LoS30_3,2013,UCR,G03,R01,n/a,n/a
13LoS31_1,2013,UCR,G11,R01,n/a,n/a
13LoS31_3,2013,UCR,G03,R01,n/a,n/a
13LoS32_1,2013,UCR,G03,R01,n/a,n/a
13LoS33_1,2013,UCR,G01,R03,n/a,n/a
13LoS34_1,2013,UCR,G11,R01,n/a,n/a
13LoS35_1,2013,UCR,G01,R03,n/a,n/a
13LoS35_2,2013,UCR,G03,R59,n/a,n/a
13LoS4_1,2013,GRI ,G11,R07,n/a,n/a
13LoS4_2,2013,GRI ,G11,R07,n/a,n/a
13LoS4_3,2013,GRI ,G40,R38,n/a,n/a
13LoS4_4,2013,GRI ,G40,R84,n/a,n/a
13LoS4_5,2013,GRI ,G11,R07,n/a,n/a
13LoS5_1,2013,GRI ,G40,R19,n/a,n/a
13LoS5_2,2013,GRI ,G40,R38,n/a,n/a
13LoS55_4,2013,UCR,G11,R07,n/a,n/a
13LoS56_1,2013,UCR,G11,R07,n/a,n/a
13LoS56_2,2013,UCR,G11,R07,n/a,n/a
13LoS56_3,2013,UCR,G11,R07,n/a,n/a
13LoS56_4,2013,UCR,G11,R07,n/a,n/a
13LoS56_5,2013,UCR,G03,R01,n/a,n/a
13LoS57_1,2013,UCR,G11,R07,n/a,n/a
13LoS57_2,2013,UCR,G03,R01,n/a,n/a
13LoS57_3,2013,UCR,G11,R07,n/a,n/a
13LoS57_4,2013,UCR,G03,R01,n/a,n/a
13LoS57_5,2013,UCR,G03,R01,n/a,n/a
13Los57_6,2013,UCR,G11,R07,n/a,n/a
13LoS58_2,2013,UCR,G58,R34,n/a,n/a
13LoS6_1,2013,GRI ,G11,R07,n/a,n/a
13LoS61_3,2013,UCR,G03,R01,n/a,n/a
13LoS61_4,2013,UCR,G92,R01,n/a,n/a
13LoS62_1,2013,UCR,G11,R07,n/a,n/a
13LoS62_2,2013,UCR,G03,R01,n/a,n/a
13LoS62_3,2013,UCR,G03,R07,n/a,n/a
13LoS63_1,2013,UCR,G03,R01,n/a,n/a
13LoS63_2,2013,UCR,G03,R01,n/a,n/a
13LoS63_3,2013,UCR,G95,R01,n/a,n/a
13LoS63_4,2013,UCR,G03,R01,n/a,n/a
13LoS63_5,2013,UCR,G03,R01,n/a,n/a
13LoS63_6,2013,UCR,G03,R01,n/a,n/a
13LoS64_1,2013,UCR,G03,R07,n/a,n/a
13LoS64_2,2013,UCR,G03,R01,n/a,n/a
13LoS64_3,2013,UCR,G03,R07,n/a,n/a
13LoS65_1,2013,UCR,G03,R01,n/a,n/a
13LoS65_2,2013,UCR,G03,R07,n/a,n/a
13LoS65_3,2013,UCR,G03,R01,n/a,n/a
13LoS66_2,2013,UCR,G11,R01,n/a,n/a
13LoS66_4,2013,UCR,G03,R01,n/a,n/a
13LoS67_1,2013,UCR,G03,R01,n/a,n/a
13LoS67_2,2013,UCR,G03,R07,n/a,n/a
13LoS67_4,2013,UCR,G03,R01,n/a,n/a
13LoS68_1,2013,UCR,G03,R03,n/a,n/a
13LoS68_2,2013,UCR,G03,R01,n/a,n/a
13LoS68_3,2013,UCR,G03,R01,n/a,n/a
13LoS68_4,2013,UCR,G03,R01,n/a,n/a
13LoS7_1,2013,GRI ,G40,R224,n/a,n/a
13LoS7_2,2013,GRI ,G40,R38,n/a,n/a
13LoS7_3,2013,GRI ,G40,R38,n/a,n/a
13LoS7_4,2013,GRI ,G40,R38,n/a,n/a
13LoS7_5,2013,GRI ,G40,R38,n/a,n/a
13LoS7_6,2013,GRI ,G40,R38,n/a,n/a
13LoS8_1,2013,GRI ,G40,R38,n/a,n/a
13LoS8_2,2013,GRI ,G40,R38,n/a,n/a
13LoS8_3,2013,GRI ,G40,R38,n/a,n/a
13LoS8_4,2013,GRI ,G40,R38,n/a,n/a
13LoS9_1,2013,GRI ,G40,R38,n/a,n/a
13LoS9_2,2013,GRI ,G40,R38,n/a,n/a
13LoS9_3,2013,GRI ,G40,R38,n/a,n/a
13LoS9_4,2013,GRI ,G40,R38,n/a,n/a
13LoS9_5,2013,GRI ,G40,R38,n/a,n/a